{
  "id": "ev-1",
  "title": "AWS CloudTrail Configuration",
  "description": "CloudTrail is enabled in all regions with multi-region trail configuration.",
  "source": "AWS",
  "reviewStatus": "APPROVED",
  "collectedAt": "2024-01-10T08:30:00Z",
  "expiresAt": "2025-01-10T08:30:00Z",
  "externalId": "arn:aws:cloudtrail:us-east-1:123456789:trail/main-trail",
  "summary": "CloudTrail enabled with S3 logging, KMS encryption, and log file validation.",
  "controlIds": [
    "soc2-cc7-1",
    "iso-a-8-15"
  ],
  "files": []
}