{
  "id": "soc2-cc6-2",
  "code": "CC6.2",
  "title": "Registration & Authorization",
  "description": "Prior to issuing system credentials, the entity registers and authorizes new internal and external users.",
  "category": "Logical & Physical Access",
  "guidance": "Establish user provisioning and de-provisioning procedures.",
  "status": "COVERED",
  "evidenceCount": 1,
  "evidence": [
    {
      "id": "ev-3",
      "title": "Access Control Policy v2.1",
      "source": "MANUAL",
      "collectedAt": "2024-01-05T10:00:00Z"
    }
  ]
}