[
  {
    "id": "soc2-cc6-1",
    "code": "CC6.1",
    "title": "Logical Access Security Software",
    "description": "The entity implements logical access security software, infrastructure, and architectures to protect access to systems and data.",
    "category": "Logical & Physical Access",
    "guidance": "Implement authentication mechanisms, access controls, and authorization procedures.",
    "status": "COVERED",
    "evidenceCount": 2,
    "evidence": [
      {
        "id": "ev-2",
        "title": "GitHub Branch Protection Rules",
        "source": "GITHUB",
        "collectedAt": "2024-01-09T14:20:00Z"
      },
      {
        "id": "ev-3",
        "title": "Access Control Policy v2.1",
        "source": "MANUAL",
        "collectedAt": "2024-01-05T10:00:00Z"
      }
    ]
  },
  {
    "id": "soc2-cc6-2",
    "code": "CC6.2",
    "title": "Registration & Authorization",
    "description": "Prior to issuing system credentials, the entity registers and authorizes new internal and external users.",
    "category": "Logical & Physical Access",
    "guidance": "Establish user provisioning and de-provisioning procedures.",
    "status": "COVERED",
    "evidenceCount": 1,
    "evidence": [
      {
        "id": "ev-3",
        "title": "Access Control Policy v2.1",
        "source": "MANUAL",
        "collectedAt": "2024-01-05T10:00:00Z"
      }
    ]
  },
  {
    "id": "soc2-cc6-3",
    "code": "CC6.3",
    "title": "Role-Based Access",
    "description": "The entity authorizes, modifies, or removes access to data, software, functions based on roles and responsibilities.",
    "category": "Logical & Physical Access",
    "guidance": "Implement RBAC and periodic access reviews.",
    "status": "GAP",
    "evidenceCount": 0,
    "evidence": []
  },
  {
    "id": "soc2-cc6-6",
    "code": "CC6.6",
    "title": "Transmission Security",
    "description": "The entity implements logical access security measures to protect against threats from sources outside its system boundaries.",
    "category": "Logical & Physical Access",
    "guidance": "Use encryption for data in transit (TLS/HTTPS).",
    "status": "COVERED",
    "evidenceCount": 1,
    "evidence": [
      {
        "id": "ev-7",
        "title": "AWS S3 Public Access Block",
        "source": "AWS",
        "collectedAt": "2024-01-08T13:00:00Z"
      }
    ]
  },
  {
    "id": "soc2-cc7-1",
    "code": "CC7.1",
    "title": "Detection Procedures",
    "description": "To meet its objectives, the entity uses detection and monitoring procedures to identify changes to configurations.",
    "category": "System Operations",
    "guidance": "Implement monitoring, alerting, and logging systems.",
    "status": "COVERED",
    "evidenceCount": 1,
    "evidence": [
      {
        "id": "ev-1",
        "title": "AWS CloudTrail Configuration",
        "source": "AWS",
        "collectedAt": "2024-01-10T08:30:00Z"
      }
    ]
  },
  {
    "id": "soc2-cc7-2",
    "code": "CC7.2",
    "title": "Monitoring Activities",
    "description": "The entity monitors system components for anomalies that are indicative of malicious acts.",
    "category": "System Operations",
    "guidance": "Deploy SIEM, IDS/IPS, and security monitoring tools.",
    "status": "GAP",
    "evidenceCount": 0,
    "evidence": []
  },
  {
    "id": "soc2-cc7-3",
    "code": "CC7.3",
    "title": "Security Event Analysis",
    "description": "The entity evaluates security events to determine whether they could impact the entity's ability to achieve its objectives.",
    "category": "System Operations",
    "guidance": "Establish incident triage and analysis procedures.",
    "status": "GAP",
    "evidenceCount": 0,
    "evidence": []
  },
  {
    "id": "soc2-cc7-4",
    "code": "CC7.4",
    "title": "Incident Response",
    "description": "The entity responds to identified security incidents by executing a defined incident response program.",
    "category": "System Operations",
    "guidance": "Maintain incident response plan and conduct drills.",
    "status": "GAP",
    "evidenceCount": 0,
    "evidence": []
  },
  {
    "id": "soc2-cc8-1",
    "code": "CC8.1",
    "title": "Change Management",
    "description": "The entity authorizes, designs, develops, implements, operates, approves, and maintains changes.",
    "category": "Change Management",
    "guidance": "Implement change control board and approval workflows.",
    "status": "COVERED",
    "evidenceCount": 2,
    "evidence": [
      {
        "id": "ev-2",
        "title": "GitHub Branch Protection Rules",
        "source": "GITHUB",
        "collectedAt": "2024-01-09T14:20:00Z"
      },
      {
        "id": "ev-8",
        "title": "Change Management Procedure",
        "source": "MANUAL",
        "collectedAt": "2023-12-20T14:30:00Z"
      }
    ]
  }
]