{
  "id": "soc2-cc8-1",
  "code": "CC8.1",
  "title": "Change Management",
  "description": "The entity authorizes, designs, develops, implements, operates, approves, and maintains changes.",
  "category": "Change Management",
  "guidance": "Implement change control board and approval workflows.",
  "status": "COVERED",
  "evidenceCount": 2,
  "evidence": [
    {
      "id": "ev-2",
      "title": "GitHub Branch Protection Rules",
      "source": "GITHUB",
      "collectedAt": "2024-01-09T14:20:00Z"
    },
    {
      "id": "ev-8",
      "title": "Change Management Procedure",
      "source": "MANUAL",
      "collectedAt": "2023-12-20T14:30:00Z"
    }
  ]
}