{
  "id": "soc2-cc7-1",
  "code": "CC7.1",
  "title": "Detection Procedures",
  "description": "To meet its objectives, the entity uses detection and monitoring procedures to identify changes to configurations.",
  "category": "System Operations",
  "guidance": "Implement monitoring, alerting, and logging systems.",
  "status": "COVERED",
  "evidenceCount": 1,
  "evidence": [
    {
      "id": "ev-1",
      "title": "AWS CloudTrail Configuration",
      "source": "AWS",
      "collectedAt": "2024-01-10T08:30:00Z"
    }
  ]
}