[
  {
    "controlCode": "CC6.1",
    "controlTitle": "Logical Access Security Software",
    "status": "COVERED",
    "evidenceIds": [
      "ev-2",
      "ev-3"
    ]
  },
  {
    "controlCode": "CC6.2",
    "controlTitle": "Registration & Authorization",
    "status": "COVERED",
    "evidenceIds": [
      "ev-3"
    ]
  },
  {
    "controlCode": "CC6.3",
    "controlTitle": "Role-Based Access",
    "status": "GAP",
    "evidenceIds": []
  },
  {
    "controlCode": "CC6.6",
    "controlTitle": "Transmission Security",
    "status": "COVERED",
    "evidenceIds": [
      "ev-7"
    ]
  },
  {
    "controlCode": "CC7.1",
    "controlTitle": "Detection Procedures",
    "status": "COVERED",
    "evidenceIds": [
      "ev-1"
    ]
  },
  {
    "controlCode": "CC7.2",
    "controlTitle": "Monitoring Activities",
    "status": "GAP",
    "evidenceIds": []
  },
  {
    "controlCode": "CC7.3",
    "controlTitle": "Security Event Analysis",
    "status": "GAP",
    "evidenceIds": []
  },
  {
    "controlCode": "CC7.4",
    "controlTitle": "Incident Response",
    "status": "GAP",
    "evidenceIds": []
  },
  {
    "controlCode": "CC8.1",
    "controlTitle": "Change Management",
    "status": "COVERED",
    "evidenceIds": [
      "ev-2",
      "ev-8"
    ]
  }
]