{
  "id": "soc2-cc6-1",
  "code": "CC6.1",
  "title": "Logical Access Security Software",
  "description": "The entity implements logical access security software, infrastructure, and architectures to protect access to systems and data.",
  "category": "Logical & Physical Access",
  "guidance": "Implement authentication mechanisms, access controls, and authorization procedures.",
  "status": "COVERED",
  "evidenceCount": 2,
  "evidence": [
    {
      "id": "ev-2",
      "title": "GitHub Branch Protection Rules",
      "source": "GITHUB",
      "collectedAt": "2024-01-09T14:20:00Z"
    },
    {
      "id": "ev-3",
      "title": "Access Control Policy v2.1",
      "source": "MANUAL",
      "collectedAt": "2024-01-05T10:00:00Z"
    }
  ]
}