{
  "id": "soc2-cc6-6",
  "code": "CC6.6",
  "title": "Transmission Security",
  "description": "The entity implements logical access security measures to protect against threats from sources outside its system boundaries.",
  "category": "Logical & Physical Access",
  "guidance": "Use encryption for data in transit (TLS/HTTPS).",
  "status": "COVERED",
  "evidenceCount": 1,
  "evidence": [
    {
      "id": "ev-7",
      "title": "AWS S3 Public Access Block",
      "source": "AWS",
      "collectedAt": "2024-01-08T13:00:00Z"
    }
  ]
}