[
  {
    "id": "ev-1",
    "title": "AWS CloudTrail Configuration",
    "description": "CloudTrail is enabled in all regions with multi-region trail configuration.",
    "source": "AWS",
    "collectedAt": "2024-01-10T08:30:00Z",
    "summary": "CloudTrail enabled with S3 logging, KMS encryption, and log file validation.",
    "controlIds": [
      "soc2-cc7-1",
      "iso-a-8-15"
    ]
  },
  {
    "id": "ev-2",
    "title": "GitHub Branch Protection Rules",
    "description": "Main branch protection rules requiring PR reviews and status checks.",
    "source": "GITHUB",
    "collectedAt": "2024-01-09T14:20:00Z",
    "summary": "Branch protection: 2 reviewers required, status checks enforced, force push disabled.",
    "controlIds": [
      "soc2-cc8-1",
      "soc2-cc6-1"
    ]
  },
  {
    "id": "ev-3",
    "title": "Access Control Policy v2.1",
    "description": "Corporate access control policy document defining roles and permissions.",
    "source": "MANUAL",
    "collectedAt": "2024-01-05T10:00:00Z",
    "summary": "Comprehensive access control policy covering provisioning, RBAC, and reviews.",
    "controlIds": [
      "soc2-cc6-1",
      "soc2-cc6-2",
      "iso-a-5-15"
    ]
  },
  {
    "id": "ev-7",
    "title": "AWS S3 Public Access Block",
    "description": "S3 account-level public access block configuration.",
    "source": "AWS",
    "collectedAt": "2024-01-08T13:00:00Z",
    "summary": "All public access blocked at account level for all S3 buckets.",
    "controlIds": [
      "soc2-cc6-6",
      "iso-a-8-2"
    ]
  },
  {
    "id": "ev-8",
    "title": "Change Management Procedure",
    "description": "Standard operating procedure for system and code changes.",
    "source": "MANUAL",
    "collectedAt": "2023-12-20T14:30:00Z",
    "summary": "Defines change request, approval, testing, and deployment procedures.",
    "controlIds": [
      "soc2-cc8-1"
    ]
  }
]